{
    "dismissed": [],
    "installed": {
        "GcodeFilenameFormat": {
            "filename": "C:\\Users\\graha\\AppData\\Local\\cura\\4.8\\cache\\cura_packages\\GcodeFilenameFormat.curapackage",
            "package_info": {
                "author": {
                    "author_id": "rgomezjnr",
                    "display_name": "rgomezjnr",
                    "email": "rgomezjnr@gmail.com",
                    "website": "https://github.com/rgomezjnr"
                },
                "description": "Cura plugin for specifying filename format with print settings",
                "display_name": "Gcode Filename Format",
                "is_active": true,
                "is_bundled": false,
                "is_installed": true,
                "package_id": "GcodeFilenameFormat",
                "package_type": "plugin",
                "package_version": "1.4.1",
                "sdk_version": 7,
                "sdk_version_semver": "7.2.0",
                "website": "https://github.com/rgomezjnr/GcodeFilenameFormat"
            }
        },
        "HTMLCuraSettings": {
            "filename": "C:\\Users\\graha\\AppData\\Local\\cura\\4.8\\cache\\cura_packages\\HTMLCuraSettings.curapackage",
            "package_info": {
                "author": {
                    "author_id": "5axes",
                    "display_name": "5axes",
                    "email": "cuq@free.fr",
                    "website": "https://github.com/5axes"
                },
                "description": "Export settings to an HTML File\nIt creates an extra menu option under File -> \"Save Project...\" that allows you to save all of the settings to an HTML file for review/sharing. ",
                "display_name": "Export HTML Cura Settings",
                "is_active": true,
                "is_bundled": false,
                "is_installed": true,
                "package_id": "HTMLCuraSettings",
                "package_type": "plugin",
                "package_version": "1.0.8",
                "sdk_version": 7,
                "sdk_version_semver": "7.4.0",
                "website": "https://github.com/5axes/CuraSettingsWriter"
            }
        },
        "LinearAdvanceSettingPlugin": {
            "filename": "C:\\Users\\graha\\AppData\\Local\\cura\\4.8\\cache\\cura_packages\\LinearAdvanceSettingPlugin.curapackage",
            "package_info": {
                "author": {
                    "author_id": "fieldofview",
                    "display_name": "fieldOfView",
                    "email": "aldo@fieldofview.com",
                    "website": "http://fieldofview.com"
                },
                "description": "Adds a Linear Advance Ratio setting for firmware that supports the LIN_ADVANCE feature",
                "display_name": "Linear Advance Settings",
                "is_active": true,
                "is_bundled": false,
                "is_installed": true,
                "package_id": "LinearAdvanceSettingPlugin",
                "package_type": "plugin",
                "package_version": "3.5.11",
                "sdk_version": 7,
                "sdk_version_semver": "7.0.0",
                "website": "https://github.com/fieldOfView/Cura-LinearAdvanceSettingPlugin"
            }
        },
        "MeshTools": {
            "filename": "C:\\Users\\graha\\AppData\\Local\\cura\\4.8\\cache\\cura_packages\\MeshTools.curapackage",
            "package_info": {
                "author": {
                    "author_id": "fieldofview",
                    "display_name": "fieldOfView",
                    "email": "aldo@fieldofview.com",
                    "website": "http://fieldofview.com"
                },
                "description": "Adds several mesh analysis and manipulation tools.",
                "display_name": "Mesh Tools",
                "is_active": true,
                "is_bundled": false,
                "is_installed": true,
                "package_id": "MeshTools",
                "package_type": "plugin",
                "package_version": "3.5.6",
                "sdk_version": 7,
                "sdk_version_semver": "7.0.0",
                "website": "https://github.com/fieldOfView/Cura-MeshTools"
            }
        },
        "TabAntiWarping": {
            "filename": "C:\\Users\\graha\\AppData\\Local\\cura\\4.8\\cache\\cura_packages\\TabAntiWarping.curapackage",
            "package_info": {
                "author": {
                    "author_id": "5axes",
                    "display_name": "5axes",
                    "email": "cuq@free.fr",
                    "website": "https://github.com/5axes"
                },
                "description": "Add elements as rounded Tab to limit warping effect in print corner.",
                "display_name": "TabAntiWarping",
                "is_active": true,
                "is_bundled": false,
                "is_installed": true,
                "package_id": "TabAntiWarping",
                "package_type": "plugin",
                "package_version": "1.0.1",
                "sdk_version": 7,
                "sdk_version_semver": "7.4.0",
                "website": "https://github.com/5axes/TabAntiWarping"
            }
        }
    },
    "to_install": {},
    "to_remove": [],
    "version": 1
}